<application>
  <component name="ProjectManager">
    <defaultProject>
      <component name="MessDetector">
        <phpmd_settings>
          <MessDetectorConfiguration tool_path="/usr/bin/phpmd " />
        </phpmd_settings>
      </component>
      <component name="ProjectInspectionProfilesVisibleTreeState">
        <entry key="Project Default">
          <profile-state>
            <expanded-state>
              <State />
            </expanded-state>
            <selected-state>
              <State>
                <id>PHP</id>
              </State>
            </selected-state>
          </profile-state>
        </entry>
      </component>
      <component name="PropertiesComponent">
        <property name="settings.editor.selected.configurable" value="settings.php.quality.tools" />
      </component>
      <component name="PublishConfigData" promptOnRemoteOverwrite="CHECK_CONTENT" notifyRemoteChanges="true" />
    </defaultProject>
  </component>
</application>