<application>
  <component name="ApplicationTasksOptions">
    <global-watchers>
      <TaskOptions>
        <option name="arguments" value="$FileName$ -o $FileNameWithoutExtension$.min.css" />
        <option name="checkSyntaxErrors" value="true" />
        <option name="description" />
        <option name="exitCodeBehavior" value="ERROR" />
        <option name="fileExtension" value="css" />
        <option name="immediateSync" value="true" />
        <option name="name" value="YUI Compressor CSS" />
        <option name="output" value="$FileNameWithoutExtension$.min.css" />
        <option name="outputFilters">
          <array />
        </option>
        <option name="outputFromStdout" value="false" />
        <option name="program" value="/usr/bin/yui-compressor" />
        <option name="runOnExternalChanges" value="true" />
        <option name="scopeName" value="Project Files" />
        <option name="trackOnlyRoot" value="true" />
        <option name="workingDir" value="$FileDir$" />
        <envs />
      </TaskOptions>
      <TaskOptions>
        <option name="arguments" value="$FileName$ -o $FileNameWithoutExtension$.min.js" />
        <option name="checkSyntaxErrors" value="true" />
        <option name="description" />
        <option name="exitCodeBehavior" value="ERROR" />
        <option name="fileExtension" value="js" />
        <option name="immediateSync" value="true" />
        <option name="name" value="YUI Compressor JS" />
        <option name="output" value="$FileNameWithoutExtension$.min.js" />
        <option name="outputFilters">
          <array />
        </option>
        <option name="outputFromStdout" value="false" />
        <option name="program" value="/usr/bin/yui-compressor" />
        <option name="runOnExternalChanges" value="true" />
        <option name="scopeName" value="Project Files" />
        <option name="trackOnlyRoot" value="true" />
        <option name="workingDir" value="$FileDir$" />
        <envs />
      </TaskOptions>
      <TaskOptions>
        <option name="arguments" value="--compilation_level ADVANCED_OPTIMIZATIONS --js $FileName$" />
        <option name="checkSyntaxErrors" value="true" />
        <option name="description" />
        <option name="exitCodeBehavior" value="ERROR" />
        <option name="fileExtension" value="js" />
        <option name="immediateSync" value="true" />
        <option name="name" value="Closure Compiler" />
        <option name="output" value="$FileNameWithoutExtension$.min.js" />
        <option name="outputFilters">
          <array />
        </option>
        <option name="outputFromStdout" value="true" />
        <option name="program" value="$USER_HOME$/downloads/closure-compiler-v20190729.jar" />
        <option name="runOnExternalChanges" value="true" />
        <option name="scopeName" value="Project Files" />
        <option name="trackOnlyRoot" value="true" />
        <option name="workingDir" value="$FileDir$" />
        <envs />
      </TaskOptions>
    </global-watchers>
  </component>
</application>