<profile version="1.0">
  <option name="myName" value="Default" />
  <inspection_tool class="BadExceptionsProcessingInspection" enabled="true" level="WEAK WARNING" enabled_by_default="true" />
  <inspection_tool class="ClassOverridesFieldOfSuperClassInspection" enabled="true" level="WARNING" enabled_by_default="true" />
  <inspection_tool class="CompactCanBeUsedInspection" enabled="true" level="WEAK WARNING" enabled_by_default="true" />
  <inspection_tool class="ComparisonOperandsOrderInspection" enabled="true" level="WEAK WARNING" enabled_by_default="true" />
  <inspection_tool class="DisallowWritingIntoStaticPropertiesInspection" enabled="true" level="WEAK WARNING" enabled_by_default="true" />
  <inspection_tool class="EfferentObjectCouplingInspection" enabled="true" level="WEAK WARNING" enabled_by_default="true" />
  <inspection_tool class="EmptyClassInspection" enabled="true" level="WEAK WARNING" enabled_by_default="true" />
  <inspection_tool class="FixedTimeStartWithInspection" enabled="true" level="WARNING" enabled_by_default="true" />
  <inspection_tool class="ForeachSourceInspection" enabled="true" level="WARNING" enabled_by_default="true" />
  <inspection_tool class="InvertedIfElseConstructsInspection" enabled="true" level="WEAK WARNING" enabled_by_default="true" />
  <inspection_tool class="JSHint" enabled="true" level="ERROR" enabled_by_default="true" />
  <inspection_tool class="LongInheritanceChainInspection" enabled="true" level="WARNING" enabled_by_default="true" />
  <inspection_tool class="MessDetectorValidationInspection" enabled="true" level="WEAK WARNING" enabled_by_default="true" />
  <inspection_tool class="MoreThanThreeArgumentsInspection" enabled="true" level="WARNING" enabled_by_default="true" />
  <inspection_tool class="MultipleReturnStatementsInspection" enabled="true" level="WARNING" enabled_by_default="true" />
  <inspection_tool class="NestedAssignmentsUsageInspection" enabled="true" level="WEAK WARNING" enabled_by_default="true" />
  <inspection_tool class="OffsetOperationsInspection" enabled="true" level="ERROR" enabled_by_default="true" />
  <inspection_tool class="ParameterDefaultValueIsNotNullInspection" enabled="true" level="WEAK WARNING" enabled_by_default="true" />
  <inspection_tool class="PhpAssignmentInConditionInspection" enabled="true" level="WARNING" enabled_by_default="true" />
  <inspection_tool class="PhpCSFixerValidationInspection" enabled="true" level="WEAK WARNING" enabled_by_default="true" />
  <inspection_tool class="PhpCSValidationInspection" enabled="true" level="WEAK WARNING" enabled_by_default="true">
    <option name="CODING_STANDARD" value="PSR2" />
    <option name="EXTENSIONS" value="php,js,css,inc" />
  </inspection_tool>
  <inspection_tool class="PhpDivisionByZeroInspection" enabled="true" level="WARNING" enabled_by_default="true" />
  <inspection_tool class="PhpIllegalPsrClassPathInspection" enabled="true" level="WARNING" enabled_by_default="true" />
  <inspection_tool class="PhpMethodOrClassCallIsNotCaseSensitiveInspection" enabled="true" level="WARNING" enabled_by_default="true" />
  <inspection_tool class="PhpMissingDocCommentInspection" enabled="true" level="WARNING" enabled_by_default="true" />
  <inspection_tool class="PhpMissingParentCallCommonInspection" enabled="true" level="WEAK WARNING" enabled_by_default="true" />
  <inspection_tool class="PhpMissingParentCallMagicInspection" enabled="true" level="WARNING" enabled_by_default="true" />
  <inspection_tool class="PhpMissingStrictTypesDeclarationInspection" enabled="true" level="WARNING" enabled_by_default="true" />
  <inspection_tool class="PhpMultipleClassesDeclarationsInOneFile" enabled="true" level="WARNING" enabled_by_default="true" />
  <inspection_tool class="PhpNonCanonicalElementsOrderInspection" enabled="true" level="WEAK WARNING" enabled_by_default="true" />
  <inspection_tool class="PhpShortOpenTagInspection" enabled="true" level="WARNING" enabled_by_default="true" />
  <inspection_tool class="PhpStaticAsDynamicMethodCallInspection" enabled="true" level="WEAK WARNING" enabled_by_default="true" />
  <inspection_tool class="PhpTooManyParametersInspection" enabled="true" level="WARNING" enabled_by_default="true" />
  <inspection_tool class="PhpTraditionalSyntaxArrayLiteralInspection" enabled="true" level="WARNING" enabled_by_default="true" />
  <inspection_tool class="PhpUndefinedCallbackInspection" enabled="true" level="WARNING" enabled_by_default="true" />
  <inspection_tool class="PhpUsageOfSilenceOperatorInspection" enabled="true" level="WEAK WARNING" enabled_by_default="true" />
  <inspection_tool class="PhpVariableVariableInspection" enabled="true" level="WEAK WARNING" enabled_by_default="true" />
  <inspection_tool class="PropertyCanBeStaticInspection" enabled="true" level="WEAK WARNING" enabled_by_default="true" />
  <inspection_tool class="SenselessCommaInArrayDefinitionInspection" enabled="true" level="WEAK WARNING" enabled_by_default="true" />
  <inspection_tool class="UnqualifiedReferenceInspection" enabled="true" level="WEAK WARNING" enabled_by_default="true" />
  <inspection_tool class="UntrustedInclusionInspection" enabled="true" level="ERROR" enabled_by_default="true" />
  <inspection_tool class="UsingInclusionReturnValueInspection" enabled="true" level="WEAK WARNING" enabled_by_default="true" />
</profile>